<keymap version="1" name="rytswd -  macOS: Dvorak with Cmd Qwerty" parent="Mac OS X 10.5+">
  <action id="$Copy">
    <keyboard-shortcut first-keystroke="meta j" />
  </action>
  <action id="$Cut">
    <keyboard-shortcut first-keystroke="shift delete" />
    <keyboard-shortcut first-keystroke="meta q" />
  </action>
  <action id="$Paste">
    <keyboard-shortcut first-keystroke="meta k" />
  </action>
  <action id="$Redo">
    <keyboard-shortcut first-keystroke="shift alt back_space" />
    <keyboard-shortcut first-keystroke="shift meta semicolon" />
  </action>
  <action id="$Undo">
    <keyboard-shortcut first-keystroke="meta semicolon" />
  </action>
  <action id="Android.HotswapChanges">
    <keyboard-shortcut first-keystroke="meta f10" />
    <keyboard-shortcut first-keystroke="ctrl meta p" />
  </action>
  <action id="Back">
    <keyboard-shortcut first-keystroke="meta alt left" />
    <mouse-shortcut keystroke="button4" />
    <keyboard-shortcut first-keystroke="meta slash" />
  </action>
  <action id="ChangesView.GroupBy.Directory">
    <keyboard-shortcut first-keystroke="meta l" />
  </action>
  <action id="ChangesView.Revert">
    <keyboard-shortcut first-keystroke="meta alt semicolon" />
  </action>
  <action id="CheckinProject">
    <keyboard-shortcut first-keystroke="meta t" />
  </action>
  <action id="CloseContent">
    <keyboard-shortcut first-keystroke="meta comma" />
  </action>
  <action id="CollapseAll">
    <keyboard-shortcut first-keystroke="meta subtract" />
    <keyboard-shortcut first-keystroke="meta open_bracket" />
  </action>
  <action id="CollapseAllRegions">
    <keyboard-shortcut first-keystroke="shift meta subtract" />
    <keyboard-shortcut first-keystroke="shift meta open_bracket" />
  </action>
  <action id="CollapseBlock">
    <keyboard-shortcut first-keystroke="shift meta v" />
  </action>
  <action id="CollapseExpandableComponent">
    <keyboard-shortcut first-keystroke="shift enter" />
    <keyboard-shortcut first-keystroke="meta subtract" />
    <keyboard-shortcut first-keystroke="meta open_bracket" />
  </action>
  <action id="CollapseRegion">
    <keyboard-shortcut first-keystroke="meta subtract" />
    <keyboard-shortcut first-keystroke="meta open_bracket" />
  </action>
  <action id="CollapseRegionRecursively">
    <keyboard-shortcut first-keystroke="meta alt subtract" />
    <keyboard-shortcut first-keystroke="meta alt open_bracket" />
  </action>
  <action id="CollapseSelection">
    <keyboard-shortcut first-keystroke="meta v" />
  </action>
  <action id="CommentByBlockComment">
    <keyboard-shortcut first-keystroke="meta alt divide" />
    <keyboard-shortcut first-keystroke="shift ctrl slash" />
    <keyboard-shortcut first-keystroke="shift ctrl divide" />
    <keyboard-shortcut first-keystroke="shift meta divide" />
    <keyboard-shortcut first-keystroke="shift meta divide" />
    <keyboard-shortcut first-keystroke="meta alt z" />
    <keyboard-shortcut first-keystroke="shift meta z" />
  </action>
  <action id="CommentByLineComment">
    <keyboard-shortcut first-keystroke="meta divide" />
    <keyboard-shortcut first-keystroke="meta z" />
  </action>
  <action id="CompareTwoFiles">
    <keyboard-shortcut first-keystroke="meta e" />
  </action>
  <action id="Console.History.Browse">
    <keyboard-shortcut first-keystroke="meta alt period" />
  </action>
  <action id="ConvertJavaToKotlin">
    <keyboard-shortcut first-keystroke="shift meta alt t" />
  </action>
  <action id="CopyPaths">
    <keyboard-shortcut first-keystroke="shift meta j" />
  </action>
  <action id="CopyReference">
    <keyboard-shortcut first-keystroke="shift meta alt j" />
  </action>
  <action id="Diff.NextChange">
    <keyboard-shortcut first-keystroke="ctrl right" />
    <keyboard-shortcut first-keystroke="shift meta equals" />
  </action>
  <action id="Diff.PrevChange">
    <keyboard-shortcut first-keystroke="ctrl left" />
    <keyboard-shortcut first-keystroke="shift meta slash" />
  </action>
  <action id="Diff.ShowDiff">
    <keyboard-shortcut first-keystroke="meta e" />
  </action>
  <action id="Diff.ShowSettingsPopup">
    <keyboard-shortcut first-keystroke="shift meta e" />
  </action>
  <action id="DumpLookupElementWeights">
    <keyboard-shortcut first-keystroke="shift meta alt comma" />
  </action>
  <action id="Editor Copy">
    <keyboard-shortcut first-keystroke="meta j" />
  </action>
  <action id="Editor Cut">
    <keyboard-shortcut first-keystroke="meta q" />
  </action>
  <action id="Editor Paste">
    <keyboard-shortcut first-keystroke="meta k" />
  </action>
  <action id="Editor Redo">
    <keyboard-shortcut first-keystroke="shift meta semicolon" />
  </action>
  <action id="Editor Undo">
    <keyboard-shortcut first-keystroke="meta semicolon" />
  </action>
  <action id="EditorCodeBlockEnd">
    <keyboard-shortcut first-keystroke="meta alt equals" />
  </action>
  <action id="EditorCodeBlockEndWithSelection">
    <keyboard-shortcut first-keystroke="shift meta alt equals" />
  </action>
  <action id="EditorCodeBlockStart">
    <keyboard-shortcut first-keystroke="meta alt slash" />
  </action>
  <action id="EditorCodeBlockStartWithSelection">
    <keyboard-shortcut first-keystroke="shift meta alt slash" />
  </action>
  <action id="EditorDuplicate">
    <keyboard-shortcut first-keystroke="meta e" />
  </action>
  <action id="EditorPasteSimple">
    <keyboard-shortcut first-keystroke="shift meta alt k" />
  </action>
  <action id="EditorToggleCase">
    <keyboard-shortcut first-keystroke="shift meta g" />
  </action>
  <action id="Exit">
    <keyboard-shortcut first-keystroke="meta quote" />
  </action>
  <action id="ExpandAll">
    <keyboard-shortcut first-keystroke="meta add" />
    <keyboard-shortcut first-keystroke="meta close_bracket" />
  </action>
  <action id="ExpandAllRegions">
    <keyboard-shortcut first-keystroke="shift meta add" />
    <keyboard-shortcut first-keystroke="shift meta close_bracket" />
  </action>
  <action id="ExpandExpandableComponent">
    <keyboard-shortcut first-keystroke="shift enter" />
    <keyboard-shortcut first-keystroke="meta add" />
    <keyboard-shortcut first-keystroke="meta close_bracket" />
  </action>
  <action id="ExpandRegion">
    <keyboard-shortcut first-keystroke="meta add" />
    <keyboard-shortcut first-keystroke="meta close_bracket" />
  </action>
  <action id="ExpandRegionRecursively">
    <keyboard-shortcut first-keystroke="meta alt add" />
    <keyboard-shortcut first-keystroke="meta alt close_bracket" />
  </action>
  <action id="FileChooser.GotoDesktop">
    <keyboard-shortcut first-keystroke="meta d" />
    <keyboard-shortcut first-keystroke="meta e" />
  </action>
  <action id="FileChooser.NewFolder">
    <keyboard-shortcut first-keystroke="meta b" />
  </action>
  <action id="FileChooser.TogglePathShowing">
    <keyboard-shortcut first-keystroke="meta l" />
  </action>
  <action id="Find">
    <keyboard-shortcut first-keystroke="meta u" />
  </action>
  <action id="FindInPath">
    <keyboard-shortcut first-keystroke="shift meta u" />
  </action>
  <action id="FindNext">
    <keyboard-shortcut first-keystroke="meta i" />
  </action>
  <action id="FindPrevious">
    <keyboard-shortcut first-keystroke="shift meta i" />
  </action>
  <action id="Forward">
    <keyboard-shortcut first-keystroke="meta alt right" />
    <mouse-shortcut keystroke="button5" />
    <keyboard-shortcut first-keystroke="meta equals" />
  </action>
  <action id="Generate">
    <keyboard-shortcut first-keystroke="ctrl enter" />
    <keyboard-shortcut first-keystroke="meta b" />
  </action>
  <action id="Git.Commit.And.Push.Executor">
    <keyboard-shortcut first-keystroke="meta alt t" />
  </action>
  <action id="GotoChangedFile">
    <keyboard-shortcut first-keystroke="meta r" />
  </action>
  <action id="GotoClass">
    <keyboard-shortcut first-keystroke="meta r" />
  </action>
  <action id="GotoCustomRegion">
    <keyboard-shortcut first-keystroke="meta alt v" />
  </action>
  <action id="GotoDeclaration">
    <mouse-shortcut keystroke="meta button1" />
    <mouse-shortcut keystroke="button2" />
    <keyboard-shortcut first-keystroke="meta x" />
  </action>
  <action id="GotoFile">
    <keyboard-shortcut first-keystroke="shift meta r" />
  </action>
  <action id="GotoImplementation">
    <mouse-shortcut keystroke="meta alt button1" />
    <keyboard-shortcut first-keystroke="meta alt x" />
  </action>
  <action id="GotoLine">
    <keyboard-shortcut first-keystroke="meta n" />
  </action>
  <action id="GotoSuperMethod">
    <keyboard-shortcut first-keystroke="meta g" />
  </action>
  <action id="GotoSymbol">
    <keyboard-shortcut first-keystroke="meta alt r" />
  </action>
  <action id="GotoTest">
    <keyboard-shortcut first-keystroke="shift meta y" />
  </action>
  <action id="GotoTypeDeclaration">
    <keyboard-shortcut first-keystroke="shift ctrl b" />
    <mouse-shortcut keystroke="shift meta button1" />
    <keyboard-shortcut first-keystroke="shift meta x" />
  </action>
  <action id="Hg.Commit.And.Push.Executor">
    <keyboard-shortcut first-keystroke="meta alt t" />
  </action>
  <action id="Images.Editor.ActualSize">
    <keyboard-shortcut first-keystroke="meta divide" />
    <keyboard-shortcut first-keystroke="meta z" />
  </action>
  <action id="Images.Editor.ToggleGrid">
    <keyboard-shortcut first-keystroke="meta minus" />
  </action>
  <action id="Images.ShowThumbnails">
    <keyboard-shortcut first-keystroke="shift meta y" />
  </action>
  <action id="Inline">
    <keyboard-shortcut first-keystroke="meta alt b" />
  </action>
  <action id="InsertLiveTemplate">
    <keyboard-shortcut first-keystroke="meta h" />
  </action>
  <action id="IntroduceConstant">
    <keyboard-shortcut first-keystroke="meta alt j" />
  </action>
  <action id="IntroduceField">
    <keyboard-shortcut first-keystroke="meta alt u" />
  </action>
  <action id="IntroduceFunctionalParameter">
    <keyboard-shortcut first-keystroke="shift meta alt l" />
  </action>
  <action id="IntroduceParameter">
    <keyboard-shortcut first-keystroke="meta alt l" />
  </action>
  <action id="IntroduceVariable">
    <keyboard-shortcut first-keystroke="meta alt k" />
  </action>
  <action id="Kotlin.RunScratch">
    <keyboard-shortcut first-keystroke="meta alt comma" />
  </action>
  <action id="MaximizeToolWindow">
    <keyboard-shortcut first-keystroke="shift meta minus" />
  </action>
  <action id="MethodHierarchy">
    <keyboard-shortcut first-keystroke="shift meta d" />
  </action>
  <action id="Mvc.RunTarget">
    <keyboard-shortcut first-keystroke="meta alt i" />
  </action>
  <action id="NewElement">
    <keyboard-shortcut first-keystroke="ctrl enter" />
    <keyboard-shortcut first-keystroke="meta b" />
  </action>
  <action id="NextTab">
    <keyboard-shortcut first-keystroke="ctrl right" />
    <keyboard-shortcut first-keystroke="shift meta equals" />
  </action>
  <action id="ParameterInfo">
    <keyboard-shortcut first-keystroke="meta l" />
  </action>
  <action id="PasteMultiple">
    <keyboard-shortcut first-keystroke="meta alt k" />
  </action>
  <action id="PopupHector">
    <keyboard-shortcut first-keystroke="shift meta alt d" />
  </action>
  <action id="PreviousTab">
    <keyboard-shortcut first-keystroke="ctrl left" />
    <keyboard-shortcut first-keystroke="shift meta slash" />
  </action>
  <action id="QuickImplementations">
    <keyboard-shortcut first-keystroke="alt space" />
    <keyboard-shortcut first-keystroke="meta f" />
  </action>
  <action id="RecentChangedFiles">
    <keyboard-shortcut first-keystroke="shift meta period" />
  </action>
  <action id="RecentFiles">
    <keyboard-shortcut first-keystroke="meta period" />
  </action>
  <action id="ReformatCode">
    <keyboard-shortcut first-keystroke="meta alt n" />
  </action>
  <action id="Refresh">
    <keyboard-shortcut first-keystroke="meta p" />
  </action>
  <action id="Replace">
    <keyboard-shortcut first-keystroke="meta p" />
  </action>
  <action id="ReplaceInPath">
    <keyboard-shortcut first-keystroke="shift meta p" />
  </action>
  <action id="Rerun">
    <keyboard-shortcut first-keystroke="meta p" />
  </action>
  <action id="RerunTests">
    <keyboard-shortcut first-keystroke="shift alt r" />
    <keyboard-shortcut first-keystroke="ctrl meta p" />
  </action>
  <action id="Resume">
    <keyboard-shortcut first-keystroke="f9" />
    <keyboard-shortcut first-keystroke="meta alt p" />
  </action>
  <action id="RunDashboard.ShowConfigurations">
    <keyboard-shortcut first-keystroke="shift meta y" />
  </action>
  <action id="RunInspection">
    <keyboard-shortcut first-keystroke="shift meta alt c" />
  </action>
  <action id="SaveAll">
    <keyboard-shortcut first-keystroke="meta o" />
  </action>
  <action id="SelectAllOccurrences">
    <keyboard-shortcut first-keystroke="ctrl meta i" />
  </action>
  <action id="SendEOF">
    <keyboard-shortcut first-keystroke="meta e" />
  </action>
  <action id="ShowProjectStructureSettings">
    <keyboard-shortcut first-keystroke="meta s" />
  </action>
  <action id="ShowRecentTests">
    <keyboard-shortcut first-keystroke="shift meta s" />
  </action>
  <action id="ShowReformatFileDialog">
    <keyboard-shortcut first-keystroke="shift meta alt n" />
  </action>
  <action id="ShowSettings">
    <keyboard-shortcut first-keystroke="meta w" />
  </action>
  <action id="SurroundWith">
    <keyboard-shortcut first-keystroke="meta alt y" />
  </action>
  <action id="SurroundWithLiveTemplate">
    <keyboard-shortcut first-keystroke="meta alt h" />
  </action>
  <action id="TodoViewGroupByFlattenPackage">
    <keyboard-shortcut first-keystroke="meta u" />
  </action>
  <action id="TodoViewGroupByShowPackages">
    <keyboard-shortcut first-keystroke="meta l" />
  </action>
  <action id="ToggleFullScreen">
    <keyboard-shortcut first-keystroke="ctrl meta u" />
  </action>
  <action id="Vcs.Log.FocusTextFilter">
    <keyboard-shortcut first-keystroke="meta n" />
  </action>
  <action id="Vcs.Push">
    <keyboard-shortcut first-keystroke="shift meta t" />
  </action>
  <action id="Vcs.RollbackChangedLines">
    <keyboard-shortcut first-keystroke="meta alt semicolon" />
  </action>
  <action id="Vcs.ShowMessageHistory">
    <keyboard-shortcut first-keystroke="ctrl m" />
    <keyboard-shortcut first-keystroke="meta period" />
  </action>
  <action id="Vcs.UpdateProject">
    <keyboard-shortcut first-keystroke="meta y" />
  </action>
  <action id="XPathView.Actions.Evaluate">
    <keyboard-shortcut first-keystroke="meta alt q" second-keystroke="e" />
  </action>
  <action id="XPathView.Actions.FindByExpression">
    <keyboard-shortcut first-keystroke="meta alt q" second-keystroke="f" />
  </action>
  <action id="XPathView.Actions.ShowPath">
    <keyboard-shortcut first-keystroke="meta alt q" second-keystroke="p" />
  </action>
</keymap>